text,sentiment
benar bagus sering disalahgunakan ulang quiz uji guna chatgpt jadi gantung malas berfikir,negatif
overall pengggunaan chatgpt sangat bantu dunia didik sekarang cari materi kuliah sangat beri dampak positif guna wisely,negatif
kurang guna chat gpt buat mahasiswa dapat jawab instan gpt,negatif
guna chatgpt didik milik potensi besar kaya ajar butuh terap bijak,negatif
lendapat mungkin saran moga chatgpt akses gratis puas premium,positif
guna chatgpt sangat manfaat perlu tekan guna didik guna media tambah selesai beberapa masalah mudah paham bukan mentahmentah dapat jawab instan,negatif
guna chatgpt buat bantu proses ajar chatgpt sedia informasi sangat luas terus terus gantung chatgpt kurang kerja otak tingkat budaya plagiarisme,negatif
trial aja bulan mungkin kasih diskon mahasiswa mantap jg tu,negatif
guna chatgpt kuliah benar rasa sangat bantu sekali lama lama asa baca cari sumber percaya rinci mulai pudar jadi lemah depan jadi malas terimakasih,negatif
saran sih,negatif
guna chatgpt lebih baik guna cari referensi pecah masalah kembang ide jangan guna chatgpt jiplak mentahmentah jawab dsri suatu masalah,negatif
guna chatgpt baik baca lebih jangan salin,negatif
lah lebih bener jawab jangan ngaco kalo jawab soal,negatif
guna chatgpt sangat bantu dampak negatif gantung individual chatgpt sendiri mohon maaf salah kata abang abang semangat buat abang abang kakak kakak buat pa nya,negatif
guna chatgpt bijak,negatif
voice note,negatif
serta kutip ikan,positif
chatgpt memang sangat bantu beri jelas lebih sederhana keyword jadi kunci hasil jawab sering sekali jawab jadi sesuai ingin apabila keyword masuk salah,negatif
guna chatgpt atau ai dunia didik perlu larang perlu adakan dunian pendidika bagaimana cara guna ai baik benar ai membantuk paham mungkin sulit,negatif
dapat chatgpt lebih mudah cari informasi paham topik tentu mudah chatgpt jadi alat sangat manfaat,negatif
sangat guna didik bantu paham suatu materi,negatif
chat gpt is the best,negatif
guna chatgpt didik sangat bantu sekali selesai tugas cari informasi tahu lain berfikir lebih jangan semua serah chatgpt buat gantung ai sebut buat malas berfikir kritis,negatif
jangan paku chatgpt cari jurnal paper dukung data empiris,negatif
alat bantu kurang tak perlu ajar,negatif
jangan terpa chat gpt karna banya ilmu dapat buku,negatif
guna chat gpt sangat bantu dunia didik biasa guna chat gpt banyak orang jadi malas berfikir lebih langsung andal chat gpt,negatif
guna chatgpt milik lebih kurang penggunaannyanamun masalah chatgpt guna bantu tingkat paham dar beri jawab,negatif
chatgpt kata bagus bantu mudah ajar tetap daya pikir mahasiswa kritis jadi buntu bahkan kreatif,negatif
chatgpt rupa ai bagus bantu ajar mahasiswa akademik guna tepat,negatif
guna chat gpt cukup,negatif
chatgpt didik baik guna paham ilmu suatu materi anggap susah tanya guru terlalu paham chatgpt guna,negatif
guna chatgpt bijak,negatif
chatgpt media beri referensi bukan kopi paste,negatif
dapat chatgpt platform sangat cocok guna bagai kalang mudah tanya kena materi ajar,negatif
yaa serah guna lah yaa sifat preventif kelas didik tingkat sulit masing masing siswamahasiswa karena jg paham jawab beri chat gpt dapat paham lebih luas lgi,negatif
sumber lebih spesifik,negatif
saran jangan copas gpt ajak gpt nya ngajarin btw bang aku tarik ama judul karna awal kuliah aku tarik ama matkul kait data,negatif
benar lebih bantu buka otak biar lebih pikir gitu sih kakbang biar liat gimana bentuk jawab gitu ga maksud buat sontek chatgpt lebih tingkat sih jawab mungkin jelas lengkap,negatif
lebih jelas beri referensi link situs resmi ajar lebih lanjut,negatif
guna chatgpt bagus paham suatu materi bantu ajar sulit paham mudah jadi benar chatgpt anggap bantu dalam didik ajar materi buku imbang dalam ajar,negatif
chat gpt guna referensi copy paste semua saji chat gpt,negatif
guna sebaikbaiknya,positif
chat gpt bantu bukan curang,negatif
kalau boleh kan guna nya praktikum lebih jelas konsep paham matkul terkadang kan apa bilang dosen tuh masuk otak gitu,negatif
jangan candu chatgpt ga kerja nnti,negatif
sedia prompt baik benar chatgpt,negatif
banyak orang terlalu sering copy paste jawab chatgpt baik guna cari jelas kena suatu masalah paham jelas chatgpt,negatif
guna chatgpt didik jadi lebih cepat kerja tanya soal tahu kerja code program menngkatkan paham materi,negatif
guna chatgpt didik jadi alat bantu efektif fasilitas ajar mandiri beri jelas tambah jawab tanya siswa kapan bantu personal ajar sesuai gaya cepat siswa sedia akses informasi instan penting guna bijak pasti siswa tetap pikir kritis gantung teknologi pecah masalah paham konsep usaha pribadi,negatif
chatgpt pakai refernsi sajadalam selesai tugas kerja lain,negatif
jangan terlalu sering lah nantik gak kembang terlalu gantung cet jpt,negatif
pandu guna bijak perlu syarat tentu pakat guna chatgpt giat ajar,positif
chatgpt jangan jadi sumber referensi utama guna sumber informasi buku jurnal website percaya,negatif
hadir chatgpt bentuk terobos jawab bagai problematika informasi chatgpt jadi sarana tunjang akademis,negatif
guna ai tentu lebih mudah paham ajar cari sesuai tahu jangan terlalu sering pedoman ai jadi ketegantungan malas berfikir plagiarisme,negatif
guna chatgpt tools bukan solusi katena output beri tetap olah proses originalitas karya tetap jaga,negatif
saran jangan salah guna chatgpt cari jawab soal quiz uji jangan buat lapor analisa chatgpt apabila baca ulang apa tulis,negatif
